{
	"implemented": true,
	"name": "rabbow",
	"labels": ["custom", "mythical"],
	"nationalPokedexNumber": 1009,
	"pokedex": [
		"cobblemon.species.rabbow.desc1",
		"cobblemon.species.rabbow.desc2"
	],
	"height": 0.003,
	"weight": 18,
	"forms": [
		{ "name": "normal" }
	],
	"shoulderMountable": false,
	"primaryType": "Psychic",
	"secondaryType": "Fairy",
	"baseStats": {
		"hp": 100,
		"attack": 100,
		"defence": 100,
		"special_attack": 100,
		"special_defence": 100,
		"speed": 100
	},
	"catchRate": 45,
	"maleRatio": 0,
	"baseExperienceYield" : 300,
	"experienceGroup": "slow",
	"eggCycles": 120,
	"eggGroups": [
		"undiscovered"
	],
	"baseFriendship": 35,
	"evYield": {
		"special_attack": 2
	},
	"moves": [
		"egg:disable",
		"1:rollout, helping hand, fairy wind, baby-doll eyes",
		"5:bite",
		"7:heal pulse",
		"10:ancient power",
		"14:psybeam",
		"20:nature power, weather ball",
		"25:psychic",
		"30:tail glow",
		"35:moonblast",
		"40:cosmic power",
		"47:hurricane",
		"tm:mystical fire, fly, psyshock, light screen, reflect, metronome, amnesia, rain dance, sunny day, healing wish, thunder, scald, solar beam, psychic terrain, misty terrain, baton pass, dig, rest, shadow ball, future sight, bounce, morning sun",
		"tutor:mystical fire, fly, psyshock, light screen, reflect, metronome, amnesia, rain dance, sunny day, healing wish, thunder, scald, solar beam, psychic terrain, misty terrain, baton pass, dig, rest, shadow ball, future sight, bounce, morning sun"
	],
	"abilities": [
		"serenegrace"
	],
	"baseScale": 1,
	"hitbox": {
		"width": 0.9,
		"height": 1.4,
		"fixed": false
	},
	"drops": {
	"amount": "2",
		"entries": [
			{
				"item": "minecraft:ender_pearl",
				"quantityRange": "1",
				"percentage": 75
			},
			{
				"item": "minecraft:rabbit_hide",
				"quantityRange": "1",
				"percentage": 50
			}
		]
	},
	"behaviour": {
		"moving": {
		"canLook": true,
			"fly": {
				"canFly": false
			},
			"swim": {
				"swimSpeed": 0.2,
				"canSwimInWater": true,
				"canBreatheUnderwater": false
			}
		}
	}	
}