{
	"format_version": "1.12.0",
	"minecraft:geometry": [
		{
			"description": {
				"identifier": "geometry.unknown",
				"texture_width": 64,
				"texture_height": 64,
				"visible_bounds_width": 3,
				"visible_bounds_height": 2.5,
				"visible_bounds_offset": [0, 0.75, 0]
			},
			"bones": [
				{
					"name": "body",
					"pivot": [0, 0, 0]
				},
				{
					"name": "torso",
					"parent": "body",
					"pivot": [0, 5, 8],
					"rotation": [-20, 0, 0],
					"mirror": true,
					"cubes": [
						{"origin": [-3, 2, -2], "size": [6, 5, 10], "uv": [0, 0], "mirror": false}
					]
				},
				{
					"name": "tail",
					"parent": "torso",
					"pivot": [0, 4, 7],
					"rotation": [-20, 0, 0],
					"mirror": true,
					"cubes": [
						{"origin": [-1.5, 5.5, 6], "size": [3, 3, 2], "uv": [32, 19], "mirror": false}
					]
				},
				{
					"name": "head",
					"parent": "torso",
					"pivot": [0, 8, -1],
					"rotation": [20, 0, 0],
					"mirror": true,
					"cubes": [
						{"origin": [-2.5, 6, -6], "size": [5, 4, 5], "uv": [17, 20], "mirror": false}
					]
				},
				{
					"name": "nose",
					"parent": "head",
					"pivot": [0, 8, -1],
					"mirror": true,
					"cubes": [
						{"origin": [-0.5, 7, -6.5], "size": [1, 1, 1], "uv": [6, 0], "mirror": false}
					]
				},
				{
					"name": "earRight",
					"parent": "head",
					"pivot": [0, 8, -4],
					"rotation": [-40.28437, 54.88869, -51.84831],
					"mirror": true,
					"cubes": [
						{"origin": [-2.5, 9.5, -4.5], "size": [2, 3, 1], "inflate": 0.005, "pivot": [0, 0, -3], "rotation": [0, 0, 0], "uv": [11, 28], "mirror": false}
					]
				},
				{
					"name": "earRight2",
					"parent": "earRight",
					"pivot": [6, 2, -3],
					"rotation": [0, 0, -45],
					"cubes": [
						{"origin": [6.83026, 14.02182, -4.501], "size": [2, 3, 1], "inflate": 0.0025, "uv": [11, 25]}
					]
				},
				{
					"name": "earRight3",
					"parent": "earRight2",
					"pivot": [5, 15, 0],
					"rotation": [0, 0, -40],
					"cubes": [
						{"origin": [7.23528, 14.08547, -4.503], "size": [2, 4.5, 1], "uv": [22, 0]}
					]
				},
				{
					"name": "earLeft",
					"parent": "head",
					"pivot": [0, 8, -4],
					"rotation": [-40.28437, -54.88869, 51.84831],
					"mirror": true,
					"cubes": [
						{"origin": [0.5, 9.5, -4.5], "size": [2, 3, 1], "inflate": 0.005, "pivot": [0, 0, -3], "rotation": [0, 0, 0], "uv": [33, 0], "mirror": false}
					]
				},
				{
					"name": "earLeft2",
					"parent": "earLeft",
					"pivot": [-6, 2, -3],
					"rotation": [0, 0, 45],
					"cubes": [
						{"origin": [-8.83126, 14.02082, -4.502], "size": [2, 3, 1], "inflate": 0.0025, "uv": [0, 33]}
					]
				},
				{
					"name": "earLeft3",
					"parent": "earLeft2",
					"pivot": [-5, 15, 0],
					"rotation": [0, 0, 40],
					"cubes": [
						{"origin": [-9.23528, 14.08547, -4.501], "size": [2, 4.5, 1], "uv": [0, 25]}
					]
				},
				{
					"name": "rainbow1",
					"parent": "torso",
					"pivot": [0, 5, 8],
					"cubes": [
						{"origin": [-4.5, 0.5, 1], "size": [9, 8, 2], "uv": [0, 15]}
					]
				},
				{
					"name": "haunchLeft",
					"parent": "torso",
					"pivot": [3, 5.5, 3.7],
					"mirror": true,
					"cubes": [
						{"origin": [2, 1, 3.7], "size": [2, 4, 5], "uv": [13, 29], "mirror": false}
					]
				},
				{
					"name": "rearFootLeft",
					"parent": "haunchLeft",
					"pivot": [3, 1, 8.7],
					"rotation": [20, 0, 0],
					"mirror": true,
					"cubes": [
						{"origin": [2, 0, 1.7], "size": [2, 1, 7], "uv": [0, 25], "mirror": false}
					]
				},
				{
					"name": "haunchRight",
					"parent": "torso",
					"pivot": [-3, 5.5, 3.7],
					"mirror": true,
					"cubes": [
						{"origin": [-4, 1, 3.7], "size": [2, 4, 5], "uv": [27, 10], "mirror": false}
					]
				},
				{
					"name": "rearFootRight",
					"parent": "haunchRight",
					"pivot": [3, 1, 8.7],
					"rotation": [20, 0, 0],
					"mirror": true,
					"cubes": [
						{"origin": [-4, 0, 1.7], "size": [2, 1, 7], "uv": [22, 0], "mirror": false}
					]
				},
				{
					"name": "frontLegLeft",
					"parent": "torso",
					"pivot": [3, 4, -1],
					"rotation": [5, 0, 0],
					"mirror": true,
					"cubes": [
						{"origin": [1.5, -3.15, -2], "size": [2, 7, 2], "uv": [27, 29], "mirror": false}
					]
				},
				{
					"name": "frontLegRight",
					"parent": "torso",
					"pivot": [-3, 4, -1],
					"rotation": [5, 0, 0],
					"mirror": true,
					"cubes": [
						{"origin": [-3.5, -3.15, -2], "size": [2, 7, 2], "uv": [0, 0], "mirror": false}
					]
				}
			]
		}
	]
}