{
	"head": "head",
	"portaitScale": 1,
	"portaitTranslation": [0, 1, 0],
	"profileScale": 1.5,
	"profiletranslation": [0, 1, 0],
	"faint": "bedrock(rabbow, faint)",
	"poses": {
		"standing": {
			"poseName": "standing",
			"transformTicks": 10,
			"poseTypes": [
				"STAND",
				"NONE",
				"PORTRAIT",
				"PROFILE"
			],
			"animations": [
				"look",
				"bedrock(rabbow, ground_idle)"
			]
		},
		"walking": {
			"poseName": "walking",
			"transformTicks": 10,
			"poseTypes": [ "WALK" ],
			"animations": [ "bedrock(rabbow, ground_walk)" ]
		}
	}
}