{
	"format_version": "1.8.0",
	"animations": {
		"animation.rabbow.ground_walk": {
			"loop": true,
			"animation_length": 0.5,
			"bones": {
				"body": {
					"rotation": {
						"0.0": [0, 0, 0],
						"0.25": [20, 0, 0],
						"0.5": [0, 0, 0]
					},
					"position": {
						"0.0": [0, 0, 0],
						"0.25": [0, 5, 0],
						"0.5": [0, 0, 0]
					}
				},
				"haunchLeft": {
					"rotation": {
						"0.0": [0, 0, 0],
						"0.25": [50, 0, 0],
						"0.5": [0, 0, 0]
					}
				},
				"frontLegLeft": {
					"rotation": {
						"0.0": [0, 0, 0],
						"0.3333": [-85, 0, 0],
						"0.5": [0, 0, 0]
					}
				},
				"haunchRight": {
					"rotation": {
						"0.0": [0, 0, 0],
						"0.25": [50, 0, 0],
						"0.5": [0, 0, 0]
					}
				},
				"frontLegRight": {
					"rotation": {
						"0.0": [0, 0, 0],
						"0.3333": [-85, 0, 0],
						"0.5": [0, 0, 0]
					}
				}
			}
		},
		"animation.rabbow.faint": {
			"animation_length": 0.5,
			"bones": {
				"torso": {
					"rotation": {
						"0.0": [0, 0, 0],
						"0.5": [20, 0, 0]
					},
					"position": {
						"0.0": [0, 0, 0],
						"0.5": [0, -2, 0]
					}
				},
				"head": {
					"rotation": {
						"0.0": [0, 0, 0],
						"0.5": [7.5, 0, 0]
					}
				},
				"earRight": {
					"rotation": {
						"0.0": [0, 0, 0],
						"0.5": [-23.04188, -41.24446, -24.84101]
					}
				},
				"earLeft": {
					"rotation": {
						"0.0": [0, 0, 0],
						"0.5": [-22.7477, 41.03758, 25.86698]
					}
				},
				"haunchLeft": {
					"rotation": {
						"0.0": [0, 0, 0],
						"0.5": [0, 0, 0]
					},
					"position": {
						"0.0": [0, 0, 0],
						"0.5": [0, 1, 0]
					}
				},
				"rearFootLeft": {
					"rotation": {
						"0.0": [0, 0, 0],
						"0.5": [-20, 0, 0]
					}
				},
				"frontLegLeft": {
					"rotation": {
						"0.0": [0, 0, 0],
						"0.5": [-86.5, 0, 0]
					}
				},
				"haunchRight": {
					"rotation": {
						"0.0": [0, 0, 0],
						"0.5": [0, 0, 0]
					},
					"position": {
						"0.0": [0, 0, 0],
						"0.5": [0, 1, 0]
					}
				},
				"rearFootRight": {
					"rotation": {
						"0.0": [0, 0, 0],
						"0.5": [-20, 0, 0]
					}
				},
				"frontLegRight": {
					"rotation": {
						"0.0": [0, 0, 0],
						"0.5": [-87, 0, 0]
					}
				}
			}
		},
		"animation.rabbow.ground_idle": {
			"loop": true
		}
	}
}